type,isFraud
CASH_IN,0.0
CASH_OUT,0.18395530726256984
DEBIT,0.0
PAYMENT,0.0
TRANSFER,0.7687991758442811
